example_code,description
"ls -lh","Перегляд вмісту з розмірами файлів"
pwd,"Виведення поточного шляху"
"cd /home/user","Перехід у директорію /home/user"
"ping google.com","Перевірка доступності google.com"
"ifconfig eth0","Перегляд налаштувань інтерфейсу eth0"
"top -u username","Моніторинг процесів користувача username"
"ps aux","Перегляд всіх запущених процесів"
"chmod 755 file.txt","Надання прав доступу для файлу file.txt"
"find / -name ""*.txt""","Пошук усіх файлів з розширенням .txt"
"tar -czvf archive.tar.gz /home/user","Стиснення директорії у tar-архів"
